call_date,platform,intent,call_duration_sec,num_turns,num_reprompts,asr_confidence,api_latency_ms,transferred_to_agent,csat_score,duration_minmax,latency_zscore,turns_decimal,duration_category,asr_level
2026-02-21,Legacy IVR,Balance Inquiry,194.0,6,1,0.796,196.0,0,4.0,0.2779,-0.3378,0.06,Medium (2.5-5 min),Low
2026-02-07,Legacy IVR,Cancel a Payment,235.0,6,1,0.614,192.0,0,5.0,0.3797,-0.3847,0.06,Medium (2.5-5 min),Low
2026-01-20,New Platform,Make a Payment,216.0,7,1,0.953,205.0,0,3.0,0.3325,-0.2323,0.07,Medium (2.5-5 min),High
2026-02-17,New Platform,Make a Payment,263.0,5,0,0.836,286.0,0,4.0,0.4491,0.7177,0.05,Medium (2.5-5 min),Medium
2026-03-09,New Platform,Balance Inquiry,133.0,6,0,0.83,277.0,0,5.0,0.1266,0.6121,0.06,Short (<2.5 min),Medium
2026-02-12,New Platform,Balance Inquiry,117.0,5,1,0.816,213.0,0,4.0,0.0868,-0.1384,0.05,Short (<2.5 min),Low
2026-02-25,New Platform,Rewards Redemption,260.0,9,1,0.831,178.0,0,4.0,0.4417,-0.5489,0.09,Medium (2.5-5 min),Medium
2026-02-21,New Platform,Balance Inquiry,82.0,4,0,0.819,264.0,0,5.0,0.0,0.4597,0.04,Short (<2.5 min),Low
2026-02-21,Legacy IVR,Balance Inquiry,145.0,3,0,0.76,170.0,0,4.0,0.1563,-0.6427,0.03,Short (<2.5 min),Low
2026-01-27,Legacy IVR,Rewards Redemption,309.0,7,1,0.888,316.0,0,5.0,0.5633,1.0695,0.07,Long (>5 min),High
2026-03-27,New Platform,Rewards Redemption,265.0,9,0,0.796,241.0,0,5.0,0.4541,0.1899,0.09,Medium (2.5-5 min),Low
2026-01-04,New Platform,Rewards Redemption,206.0,7,0,0.882,150.0,0,5.0,0.3077,-0.8773,0.07,Medium (2.5-5 min),Medium
2026-03-15,New Platform,Recent Transactions,193.0,8,0,0.871,210.0,0,4.0,0.2754,-0.1736,0.08,Medium (2.5-5 min),Medium
2026-03-03,Legacy IVR,Recent Transactions,160.0,5,1,0.768,169.0,0,4.0,0.1935,-0.6545,0.05,Medium (2.5-5 min),Low
2026-03-09,New Platform,Rewards Redemption,257.0,5,0,0.712,154.0,0,5.0,0.4342,-0.8304,0.05,Medium (2.5-5 min),Low
2026-01-12,New Platform,Balance Inquiry,105.0,6,0,0.85,238.0,0,4.0,0.0571,0.1548,0.06,Short (<2.5 min),Medium
2026-03-13,Legacy IVR,Cancel a Payment,326.0,10,1,0.858,165.0,0,4.0,0.6055,-0.7014,0.1,Long (>5 min),Medium
2026-01-07,Legacy IVR,Rewards Redemption,303.0,12,0,0.888,150.0,0,5.0,0.5484,-0.8773,0.12,Long (>5 min),High
2026-03-14,Legacy IVR,Make a Payment,268.0,8,1,0.784,191.0,0,4.0,0.4615,-0.3965,0.08,Medium (2.5-5 min),Low
2026-03-02,Legacy IVR,Balance Inquiry,144.0,4,0,0.829,238.0,0,4.0,0.1538,0.1548,0.04,Short (<2.5 min),Medium
2026-01-13,Legacy IVR,Make a Payment,276.0,5,2,0.674,178.0,0,4.0,0.4814,-0.5489,0.05,Medium (2.5-5 min),Low
2026-01-20,Legacy IVR,Balance Inquiry,197.0,6,3,0.86,227.0,0,3.0,0.2854,0.0258,0.06,Medium (2.5-5 min),Medium
2026-01-06,Legacy IVR,Recent Transactions,321.0,7,0,0.838,223.0,1,5.0,0.5931,-0.0212,0.07,Long (>5 min),Medium
2026-03-11,Legacy IVR,Make a Payment,196.0,6,0,0.743,206.0,0,4.0,0.2829,-0.2205,0.06,Medium (2.5-5 min),Low
2026-02-28,New Platform,Make a Payment,228.0,4,0,0.896,99.0,0,4.0,0.3623,-1.4754,0.04,Medium (2.5-5 min),High
2026-03-21,New Platform,Make a Payment,266.0,5,0,0.951,194.0,0,3.0,0.4566,-0.3613,0.05,Medium (2.5-5 min),High
2026-03-11,New Platform,Make a Payment,139.0,7,0,0.933,146.0,0,4.0,0.1414,-0.9242,0.07,Short (<2.5 min),High
2026-02-21,Legacy IVR,Balance Inquiry,267.0,8,3,0.855,223.0,0,3.0,0.4591,-0.0212,0.08,Medium (2.5-5 min),Medium
2026-01-27,New Platform,Recent Transactions,188.0,5,0,0.895,211.0,0,5.0,0.263,-0.1619,0.05,Medium (2.5-5 min),High
2026-02-01,New Platform,Make a Payment,241.0,8,0,0.952,230.0,0,5.0,0.3945,0.0609,0.08,Medium (2.5-5 min),High
2026-03-23,New Platform,Make a Payment,261.0,5,0,0.938,295.0,0,3.0,0.4442,0.8233,0.05,Medium (2.5-5 min),High
2026-02-10,Legacy IVR,Make a Payment,289.0,7,0,0.791,233.0,0,5.0,0.5136,0.0961,0.07,Medium (2.5-5 min),Low
2026-01-22,Legacy IVR,Recent Transactions,192.0,6,0,0.87,161.0,0,3.0,0.273,-0.7483,0.06,Medium (2.5-5 min),Medium
2026-01-18,Legacy IVR,Make a Payment,352.0,10,2,0.874,362.0,0,3.0,0.67,1.609,0.1,Long (>5 min),Medium
2026-01-12,Legacy IVR,Recent Transactions,158.0,7,1,0.85,189.0,0,4.0,0.1886,-0.4199,0.07,Medium (2.5-5 min),Medium
2026-01-24,Legacy IVR,Balance Inquiry,229.0,11,2,0.766,319.0,0,3.0,0.3648,1.1047,0.11,Medium (2.5-5 min),Low
2026-01-20,New Platform,Rewards Redemption,307.0,7,0,0.969,404.0,0,5.0,0.5583,2.1016,0.07,Long (>5 min),High
2026-01-21,Legacy IVR,Balance Inquiry,145.0,5,0,0.717,252.0,0,5.0,0.1563,0.319,0.05,Short (<2.5 min),Low
2026-01-13,Legacy IVR,Make a Payment,364.0,8,1,0.838,302.0,1,3.0,0.6998,0.9053,0.08,Long (>5 min),Medium
2026-01-30,New Platform,Recent Transactions,209.0,6,1,0.766,160.0,0,3.0,0.3151,-0.76,0.06,Medium (2.5-5 min),Low
2026-01-17,Legacy IVR,Balance Inquiry,136.0,4,0,0.676,193.0,0,5.0,0.134,-0.373,0.04,Short (<2.5 min),Low
2026-01-19,Legacy IVR,Make a Payment,201.0,5,1,0.989,360.0,0,4.0,0.2953,1.5856,0.05,Medium (2.5-5 min),High
2026-03-02,New Platform,Recent Transactions,183.0,3,0,0.888,237.0,0,5.0,0.2506,0.143,0.03,Medium (2.5-5 min),High
2026-02-08,New Platform,Cancel a Payment,264.0,9,0,0.872,151.0,0,4.0,0.4516,-0.8656,0.09,Medium (2.5-5 min),Medium
2026-02-04,Legacy IVR,Make a Payment,352.0,6,2,0.757,173.0,0,3.0,0.67,-0.6076,0.06,Long (>5 min),Low
2026-01-20,Legacy IVR,Make a Payment,355.0,9,3,0.829,193.0,0,4.0,0.6774,-0.373,0.09,Long (>5 min),Medium
2026-01-30,New Platform,Rewards Redemption,376.0,7,0,0.846,167.0,1,3.0,0.7295,-0.6779,0.07,Long (>5 min),Medium
2026-01-07,Legacy IVR,Rewards Redemption,398.0,7,1,0.82,235.0,0,4.0,0.7841,0.1196,0.07,Long (>5 min),Low
2026-03-20,New Platform,Recent Transactions,189.0,6,0,0.876,296.0,0,4.0,0.2655,0.835,0.06,Medium (2.5-5 min),Medium
2026-02-02,Legacy IVR,Balance Inquiry,159.0,4,1,0.77,216.0,0,3.0,0.1911,-0.1033,0.04,Medium (2.5-5 min),Low
2026-01-07,Legacy IVR,Cancel a Payment,319.0,9,2,0.678,158.0,0,3.0,0.5881,-0.7835,0.09,Long (>5 min),Low
2026-03-20,New Platform,Recent Transactions,148.0,8,0,0.906,170.0,0,4.0,0.1638,-0.6427,0.08,Short (<2.5 min),High
2026-03-29,Legacy IVR,Cancel a Payment,281.0,5,1,0.898,239.0,0,3.0,0.4938,0.1665,0.05,Medium (2.5-5 min),High
2026-02-05,Legacy IVR,Cancel a Payment,267.0,10,0,0.786,284.0,0,4.0,0.4591,0.6942,0.1,Medium (2.5-5 min),Low
2026-01-14,Legacy IVR,Recent Transactions,323.0,9,4,0.904,236.0,0,3.0,0.598,0.1313,0.09,Long (>5 min),High
2026-02-04,Legacy IVR,Make a Payment,319.0,9,1,0.837,264.0,0,4.0,0.5881,0.4597,0.09,Long (>5 min),Medium
2026-03-26,New Platform,Make a Payment,159.0,3,0,0.954,162.0,0,4.0,0.1911,-0.7366,0.03,Medium (2.5-5 min),High
2026-03-15,New Platform,Cancel a Payment,301.0,7,0,0.903,146.0,0,4.0,0.5434,-0.9242,0.07,Long (>5 min),High
2026-01-11,New Platform,Make a Payment,255.0,5,0,0.906,102.0,0,4.0,0.4293,-1.4402,0.05,Medium (2.5-5 min),High
2026-03-04,New Platform,Make a Payment,239.0,6,2,0.938,285.0,0,3.0,0.3896,0.706,0.06,Medium (2.5-5 min),High
2026-01-31,Legacy IVR,Cancel a Payment,408.0,8,2,0.863,152.0,0,4.0,0.8089,-0.8538,0.08,Long (>5 min),Medium
2026-03-20,New Platform,Cancel a Payment,320.0,10,1,0.9,203.0,0,4.0,0.5906,-0.2557,0.1,Long (>5 min),High
2026-03-27,New Platform,Recent Transactions,163.0,8,1,0.829,183.0,0,4.0,0.201,-0.4903,0.08,Medium (2.5-5 min),Medium
2026-02-08,Legacy IVR,Make a Payment,337.0,5,1,0.852,257.0,0,5.0,0.6328,0.3776,0.05,Long (>5 min),Medium
2026-01-01,Legacy IVR,Balance Inquiry,402.0,7,3,0.758,128.0,1,3.0,0.794,-1.1353,0.07,Long (>5 min),Low
2026-01-07,Legacy IVR,Rewards Redemption,438.0,10,2,0.819,674.0,0,4.0,0.8834,5.2681,0.1,Long (>5 min),Low
2026-03-02,New Platform,Recent Transactions,142.0,5,0,0.92,112.0,0,5.0,0.1489,-1.323,0.05,Short (<2.5 min),High
2026-02-18,New Platform,Balance Inquiry,112.0,4,1,0.949,116.0,0,4.0,0.0744,-1.276,0.04,Short (<2.5 min),High
2026-03-09,New Platform,Rewards Redemption,432.0,11,1,0.98,134.0,1,3.0,0.8685,-1.0649,0.11,Long (>5 min),High
2026-03-18,New Platform,Recent Transactions,153.0,4,0,0.903,151.0,0,5.0,0.1762,-0.8656,0.04,Medium (2.5-5 min),High
2026-02-06,Legacy IVR,Balance Inquiry,181.0,6,2,0.925,222.0,0,4.0,0.2457,-0.0329,0.06,Medium (2.5-5 min),High
2026-01-05,Legacy IVR,Rewards Redemption,422.0,10,1,0.922,196.0,0,4.0,0.8437,-0.3378,0.1,Long (>5 min),High
2026-03-10,Legacy IVR,Balance Inquiry,187.0,4,1,0.813,236.0,0,5.0,0.2605,0.1313,0.04,Medium (2.5-5 min),Low
2026-02-04,Legacy IVR,Cancel a Payment,338.0,9,2,0.761,281.0,0,4.0,0.6352,0.6591,0.09,Long (>5 min),Low
2026-01-11,Legacy IVR,Make a Payment,431.0,8,2,0.845,331.0,0,3.0,0.866,1.2455,0.08,Long (>5 min),Medium
2026-03-24,Legacy IVR,Make a Payment,451.0,10,2,0.699,216.0,0,3.0,0.9156,-0.1033,0.1,Long (>5 min),Low
2026-01-02,Legacy IVR,Make a Payment,264.0,6,1,0.776,281.0,0,4.0,0.4516,0.6591,0.06,Medium (2.5-5 min),Low
2026-01-23,Legacy IVR,Cancel a Payment,369.0,8,1,0.905,207.0,0,3.0,0.7122,-0.2088,0.08,Long (>5 min),High
2026-01-01,Legacy IVR,Recent Transactions,252.0,6,1,0.798,193.0,0,4.0,0.4218,-0.373,0.06,Medium (2.5-5 min),Low
2026-01-12,New Platform,Recent Transactions,267.0,4,0,0.632,190.0,1,5.0,0.4591,-0.4082,0.04,Medium (2.5-5 min),Low
2026-03-18,New Platform,Make a Payment,202.0,9,1,0.895,240.0,0,3.0,0.2978,0.1782,0.09,Medium (2.5-5 min),High
2026-01-07,Legacy IVR,Recent Transactions,191.0,4,1,0.849,214.0,0,5.0,0.2705,-0.1267,0.04,Medium (2.5-5 min),Medium
2026-02-04,Legacy IVR,Make a Payment,271.0,5,2,0.588,299.0,0,3.0,0.469,0.8702,0.05,Medium (2.5-5 min),Low
2026-03-21,New Platform,Recent Transactions,176.0,4,0,0.842,202.0,0,5.0,0.2333,-0.2674,0.04,Medium (2.5-5 min),Medium
2026-02-16,New Platform,Make a Payment,212.0,3,0,0.853,136.0,0,5.0,0.3226,-1.0415,0.03,Medium (2.5-5 min),Medium
2026-01-10,Legacy IVR,Balance Inquiry,235.0,11,2,0.81,272.0,0,4.0,0.3797,0.5535,0.11,Medium (2.5-5 min),Low
2026-02-19,New Platform,Rewards Redemption,298.0,10,1,0.822,125.0,0,4.0,0.536,-1.1705,0.1,Medium (2.5-5 min),Low
2026-01-13,Legacy IVR,Make a Payment,237.0,7,0,0.806,269.0,0,4.0,0.3846,0.5183,0.07,Medium (2.5-5 min),Low
2026-01-15,Legacy IVR,Recent Transactions,207.0,5,1,0.807,157.0,0,4.0,0.3102,-0.7952,0.05,Medium (2.5-5 min),Low
2026-03-11,Legacy IVR,Make a Payment,232.0,5,1,0.76,260.0,0,4.0,0.3722,0.4128,0.05,Medium (2.5-5 min),Low
2026-02-13,Legacy IVR,Make a Payment,248.0,6,0,0.842,246.0,0,4.0,0.4119,0.2486,0.06,Medium (2.5-5 min),Medium
2026-02-17,Legacy IVR,Balance Inquiry,192.0,7,2,0.848,357.0,0,5.0,0.273,1.5504,0.07,Medium (2.5-5 min),Medium
2026-02-02,Legacy IVR,Balance Inquiry,123.0,3,0,0.912,208.0,0,3.0,0.1017,-0.1971,0.03,Short (<2.5 min),High
2026-03-14,New Platform,Recent Transactions,145.0,7,0,0.726,232.0,0,4.0,0.1563,0.0844,0.07,Short (<2.5 min),Low
2026-03-25,New Platform,Make a Payment,202.0,4,1,0.965,187.0,0,3.0,0.2978,-0.4434,0.04,Medium (2.5-5 min),High
2026-01-31,New Platform,Make a Payment,287.0,8,1,0.864,261.0,0,5.0,0.5087,0.4245,0.08,Medium (2.5-5 min),Medium
2026-01-16,New Platform,Cancel a Payment,269.0,5,0,0.971,235.0,0,5.0,0.464,0.1196,0.05,Medium (2.5-5 min),High
2026-02-25,Legacy IVR,Rewards Redemption,317.0,10,0,0.796,400.0,0,5.0,0.5831,2.0547,0.1,Long (>5 min),Low
2026-03-08,Legacy IVR,Recent Transactions,236.0,6,0,0.838,181.0,0,4.0,0.3821,-0.5137,0.06,Medium (2.5-5 min),Medium
2026-01-31,Legacy IVR,Make a Payment,205.0,6,0,0.746,156.0,0,4.0,0.3052,-0.8069,0.06,Medium (2.5-5 min),Low
2026-01-19,Legacy IVR,Make a Payment,312.0,11,2,0.915,177.0,0,4.0,0.5707,-0.5606,0.11,Long (>5 min),High
2026-03-25,New Platform,Make a Payment,218.0,6,0,0.982,145.0,0,4.0,0.3375,-0.9359,0.06,Medium (2.5-5 min),High
2026-01-20,Legacy IVR,Recent Transactions,266.0,9,2,0.895,238.0,0,3.0,0.4566,0.1548,0.09,Medium (2.5-5 min),High
2026-03-19,New Platform,Balance Inquiry,94.0,4,0,0.927,106.0,0,3.0,0.0298,-1.3933,0.04,Short (<2.5 min),High
2026-03-26,New Platform,Make a Payment,306.0,11,3,0.699,149.0,0,4.0,0.5558,-0.889,0.11,Long (>5 min),Low
2026-01-26,Legacy IVR,Cancel a Payment,432.0,12,3,0.848,307.0,0,3.0,0.8685,0.964,0.12,Long (>5 min),Medium
2026-03-21,New Platform,Make a Payment,254.0,8,0,0.917,202.0,0,5.0,0.4268,-0.2674,0.08,Medium (2.5-5 min),High
2026-03-30,New Platform,Make a Payment,235.0,8,0,0.827,236.0,0,4.0,0.3797,0.1313,0.08,Medium (2.5-5 min),Medium
2026-01-07,Legacy IVR,Make a Payment,272.0,6,1,0.7,194.0,0,5.0,0.4715,-0.3613,0.06,Medium (2.5-5 min),Low
2026-03-09,Legacy IVR,Recent Transactions,188.0,6,1,0.688,259.0,0,4.0,0.263,0.401,0.06,Medium (2.5-5 min),Low
2026-02-17,Legacy IVR,Rewards Redemption,322.0,5,0,0.839,221.0,0,5.0,0.5955,-0.0446,0.05,Long (>5 min),Medium
2026-03-01,New Platform,Balance Inquiry,131.0,5,0,0.908,255.0,0,5.0,0.1216,0.3541,0.05,Short (<2.5 min),High
2026-02-23,New Platform,Cancel a Payment,266.0,5,0,0.933,184.0,0,4.0,0.4566,-0.4785,0.05,Medium (2.5-5 min),High
2026-02-26,New Platform,Rewards Redemption,468.0,12,3,0.838,179.0,0,3.0,0.9578,-0.5372,0.12,Long (>5 min),Medium
2026-03-17,Legacy IVR,Make a Payment,247.0,9,2,0.747,160.0,0,4.0,0.4094,-0.76,0.09,Medium (2.5-5 min),Low
2026-01-04,Legacy IVR,Cancel a Payment,435.0,9,2,0.783,216.0,0,2.0,0.8759,-0.1033,0.09,Long (>5 min),Low
2026-01-01,Legacy IVR,Make a Payment,246.0,7,2,0.838,311.0,0,4.0,0.4069,1.0109,0.07,Medium (2.5-5 min),Medium
2026-02-21,New Platform,Make a Payment,295.0,5,1,0.935,296.0,0,4.0,0.5285,0.835,0.05,Medium (2.5-5 min),High
2026-03-26,New Platform,Balance Inquiry,115.0,6,0,0.943,157.0,0,4.0,0.0819,-0.7952,0.06,Short (<2.5 min),High
2026-03-10,Legacy IVR,Cancel a Payment,482.0,7,2,0.607,152.0,1,4.0,0.9926,-0.8538,0.07,Long (>5 min),Low
2026-01-16,Legacy IVR,Recent Transactions,151.0,5,1,0.798,265.0,0,5.0,0.1712,0.4714,0.05,Medium (2.5-5 min),Low
2026-02-13,Legacy IVR,Make a Payment,274.0,10,1,0.718,199.0,0,4.0,0.4764,-0.3026,0.1,Medium (2.5-5 min),Low
2026-01-15,Legacy IVR,Balance Inquiry,117.0,5,0,0.716,169.0,0,5.0,0.0868,-0.6545,0.05,Short (<2.5 min),Low
2026-01-22,Legacy IVR,Cancel a Payment,306.0,12,2,0.947,170.0,0,3.0,0.5558,-0.6427,0.12,Long (>5 min),High
2026-01-05,Legacy IVR,Balance Inquiry,190.0,6,3,0.782,228.0,0,3.0,0.268,0.0375,0.06,Medium (2.5-5 min),Low
2026-02-15,New Platform,Cancel a Payment,318.0,6,1,0.944,201.0,1,3.0,0.5856,-0.2792,0.06,Long (>5 min),High
2026-01-27,New Platform,Make a Payment,306.0,9,3,0.844,182.0,0,4.0,0.5558,-0.502,0.09,Long (>5 min),Medium
2026-02-07,New Platform,Make a Payment,368.0,12,2,0.841,267.0,1,4.0,0.7097,0.4949,0.12,Long (>5 min),Medium
2026-01-14,Legacy IVR,Cancel a Payment,452.0,7,2,0.833,217.0,1,4.0,0.9181,-0.0915,0.07,Long (>5 min),Medium
2026-02-27,Legacy IVR,Make a Payment,275.0,8,1,0.732,241.0,0,4.0,0.4789,0.1899,0.08,Medium (2.5-5 min),Low
2026-02-05,Legacy IVR,Recent Transactions,262.0,10,2,0.708,205.0,0,3.0,0.4467,-0.2323,0.1,Medium (2.5-5 min),Low
2026-02-25,New Platform,Balance Inquiry,131.0,3,0,0.99,142.0,0,4.0,0.1216,-0.9711,0.03,Short (<2.5 min),High
2026-02-16,New Platform,Recent Transactions,167.0,4,0,0.933,142.0,0,5.0,0.2109,-0.9711,0.04,Medium (2.5-5 min),High
2026-02-26,Legacy IVR,Rewards Redemption,375.0,7,0,0.942,153.0,0,5.0,0.727,-0.8421,0.07,Long (>5 min),High
2026-01-17,New Platform,Rewards Redemption,194.0,4,0,0.956,176.0,0,5.0,0.2779,-0.5724,0.04,Medium (2.5-5 min),High
2026-02-23,Legacy IVR,Recent Transactions,201.0,4,0,0.872,241.0,0,4.0,0.2953,0.1899,0.04,Medium (2.5-5 min),Medium
2026-03-01,New Platform,Balance Inquiry,122.0,6,0,0.872,175.0,0,5.0,0.0993,-0.5841,0.06,Short (<2.5 min),Medium
2026-01-13,New Platform,Balance Inquiry,107.0,4,0,0.917,233.0,0,5.0,0.062,0.0961,0.04,Short (<2.5 min),High
2026-03-01,New Platform,Recent Transactions,248.0,4,0,0.838,134.0,0,4.0,0.4119,-1.0649,0.04,Medium (2.5-5 min),Medium
2026-01-07,New Platform,Make a Payment,282.0,9,0,0.934,271.0,1,3.0,0.4963,0.5418,0.09,Medium (2.5-5 min),High
2026-01-17,Legacy IVR,Balance Inquiry,215.0,5,1,0.88,232.0,0,4.0,0.33,0.0844,0.05,Medium (2.5-5 min),Medium
2026-01-11,Legacy IVR,Cancel a Payment,276.0,9,0,0.915,229.0,0,4.0,0.4814,0.0492,0.09,Medium (2.5-5 min),High
2026-03-19,New Platform,Recent Transactions,211.0,6,2,0.901,222.0,0,2.0,0.3201,-0.0329,0.06,Medium (2.5-5 min),High
2026-01-08,Legacy IVR,Balance Inquiry,264.0,6,1,0.881,214.0,1,4.0,0.4516,-0.1267,0.06,Medium (2.5-5 min),Medium
2026-02-14,Legacy IVR,Cancel a Payment,332.0,5,1,0.834,315.0,0,4.0,0.6203,1.0578,0.05,Long (>5 min),Medium
2026-03-20,Legacy IVR,Rewards Redemption,234.0,5,0,0.775,369.0,0,4.0,0.3772,1.6911,0.05,Medium (2.5-5 min),Low
2026-01-19,Legacy IVR,Balance Inquiry,275.0,6,2,0.786,189.0,1,3.0,0.4789,-0.4199,0.06,Medium (2.5-5 min),Low
2026-03-30,New Platform,Make a Payment,198.0,7,1,0.956,196.0,0,4.0,0.2878,-0.3378,0.07,Medium (2.5-5 min),High
2026-01-27,New Platform,Balance Inquiry,115.0,5,0,0.965,187.0,0,4.0,0.0819,-0.4434,0.05,Short (<2.5 min),High
2026-01-26,New Platform,Rewards Redemption,388.0,10,2,0.944,200.0,0,4.0,0.7593,-0.2909,0.1,Long (>5 min),High
2026-02-25,New Platform,Cancel a Payment,319.0,6,2,0.969,152.0,0,4.0,0.5881,-0.8538,0.06,Long (>5 min),High
2026-02-20,New Platform,Recent Transactions,180.0,7,2,0.913,177.0,0,4.0,0.2432,-0.5606,0.07,Medium (2.5-5 min),High
2026-03-18,New Platform,Balance Inquiry,177.0,7,1,0.668,166.0,0,4.0,0.2357,-0.6896,0.07,Medium (2.5-5 min),Low
2026-02-07,Legacy IVR,Balance Inquiry,230.0,6,2,0.858,408.0,0,5.0,0.3672,2.1485,0.06,Medium (2.5-5 min),Medium
2026-02-26,Legacy IVR,Balance Inquiry,259.0,4,1,0.889,199.0,1,3.0,0.4392,-0.3026,0.04,Medium (2.5-5 min),High
2026-01-13,Legacy IVR,Recent Transactions,341.0,10,2,0.889,186.0,0,4.0,0.6427,-0.4551,0.1,Long (>5 min),High
2026-03-08,New Platform,Make a Payment,254.0,7,1,0.872,166.0,0,3.0,0.4268,-0.6896,0.07,Medium (2.5-5 min),Medium
2026-01-26,Legacy IVR,Make a Payment,300.0,6,0,0.724,138.0,0,4.0,0.5409,-1.018,0.06,Medium (2.5-5 min),Low
2026-03-24,New Platform,Make a Payment,174.0,4,0,0.856,193.0,0,5.0,0.2283,-0.373,0.04,Medium (2.5-5 min),Medium
2026-01-21,Legacy IVR,Make a Payment,261.0,8,2,0.755,305.0,0,4.0,0.4442,0.9405,0.08,Medium (2.5-5 min),Low
2026-02-07,Legacy IVR,Make a Payment,339.0,8,1,0.867,194.0,0,3.0,0.6377,-0.3613,0.08,Long (>5 min),Medium
2026-03-31,New Platform,Recent Transactions,291.0,7,1,0.9,289.0,1,3.0,0.5186,0.7529,0.07,Medium (2.5-5 min),High
2026-03-12,New Platform,Rewards Redemption,250.0,7,0,0.941,162.0,0,3.0,0.4169,-0.7366,0.07,Medium (2.5-5 min),High
2026-03-15,New Platform,Recent Transactions,120.0,4,0,0.898,211.0,0,4.0,0.0943,-0.1619,0.04,Short (<2.5 min),High
2026-02-22,New Platform,Make a Payment,261.0,6,1,0.924,175.0,0,4.0,0.4442,-0.5841,0.06,Medium (2.5-5 min),High
2026-03-06,New Platform,Balance Inquiry,94.0,3,0,0.886,173.0,0,4.0,0.0298,-0.6076,0.03,Short (<2.5 min),Medium
2026-01-08,Legacy IVR,Make a Payment,259.0,10,1,0.822,185.0,0,4.0,0.4392,-0.4668,0.1,Medium (2.5-5 min),Low
2026-01-07,Legacy IVR,Recent Transactions,208.0,8,0,0.86,294.0,0,4.0,0.3127,0.8115,0.08,Medium (2.5-5 min),Medium
2026-03-13,Legacy IVR,Recent Transactions,362.0,6,3,0.711,262.0,1,2.0,0.6948,0.4362,0.06,Long (>5 min),Low
2026-02-03,Legacy IVR,Cancel a Payment,383.0,9,0,0.705,213.0,0,4.0,0.7469,-0.1384,0.09,Long (>5 min),Low
2026-03-19,New Platform,Balance Inquiry,121.0,3,0,0.717,167.0,0,4.0,0.0968,-0.6779,0.03,Short (<2.5 min),Low
2026-02-06,Legacy IVR,Make a Payment,314.0,9,0,0.802,263.0,0,4.0,0.5757,0.448,0.09,Long (>5 min),Low
2026-03-29,New Platform,Make a Payment,197.0,7,1,0.9,156.0,0,4.0,0.2854,-0.8069,0.07,Medium (2.5-5 min),High
2026-02-16,Legacy IVR,Make a Payment,313.0,7,1,0.762,175.0,0,4.0,0.5732,-0.5841,0.07,Long (>5 min),Low
2026-03-09,New Platform,Rewards Redemption,401.0,12,1,0.969,128.0,1,3.0,0.7916,-1.1353,0.12,Long (>5 min),High
2026-01-09,Legacy IVR,Recent Transactions,223.0,5,0,0.744,214.0,0,4.0,0.3499,-0.1267,0.05,Medium (2.5-5 min),Low
2026-02-18,Legacy IVR,Make a Payment,335.0,6,0,0.889,330.0,0,5.0,0.6278,1.2337,0.06,Long (>5 min),High
2026-01-06,Legacy IVR,Recent Transactions,164.0,6,1,0.887,165.0,0,4.0,0.2035,-0.7014,0.06,Medium (2.5-5 min),High
2026-02-06,Legacy IVR,Balance Inquiry,120.0,6,1,0.898,237.0,0,4.0,0.0943,0.143,0.06,Short (<2.5 min),High
2026-02-09,Legacy IVR,Make a Payment,210.0,8,2,0.739,150.0,0,4.0,0.3176,-0.8773,0.08,Medium (2.5-5 min),Low
2026-01-12,Legacy IVR,Make a Payment,288.0,10,0,0.946,298.0,0,4.0,0.5112,0.8584,0.1,Medium (2.5-5 min),High
2026-01-10,Legacy IVR,Make a Payment,274.0,7,1,0.672,144.0,0,4.0,0.4764,-0.9477,0.07,Medium (2.5-5 min),Low
2026-03-13,New Platform,Make a Payment,269.0,8,1,0.949,123.0,0,4.0,0.464,-1.1939,0.08,Medium (2.5-5 min),High
2026-01-23,New Platform,Cancel a Payment,197.0,8,1,0.877,210.0,0,4.0,0.2854,-0.1736,0.08,Medium (2.5-5 min),Medium
2026-03-21,New Platform,Make a Payment,204.0,6,0,0.756,237.0,0,3.0,0.3027,0.143,0.06,Medium (2.5-5 min),Low
2026-03-13,New Platform,Balance Inquiry,132.0,3,0,0.808,311.0,0,4.0,0.1241,1.0109,0.03,Short (<2.5 min),Low
2026-02-08,New Platform,Make a Payment,257.0,7,0,0.838,198.0,0,4.0,0.4342,-0.3144,0.07,Medium (2.5-5 min),Medium
2026-01-19,New Platform,Balance Inquiry,114.0,4,0,0.949,150.0,0,5.0,0.0794,-0.8773,0.04,Short (<2.5 min),High
2026-02-15,Legacy IVR,Rewards Redemption,459.0,10,3,0.894,191.0,0,3.0,0.9355,-0.3965,0.1,Long (>5 min),High
2026-02-11,Legacy IVR,Balance Inquiry,259.0,6,1,0.845,779.0,0,4.0,0.4392,6.4996,0.06,Medium (2.5-5 min),Medium
2026-02-15,Legacy IVR,Rewards Redemption,315.0,4,0,0.714,167.0,0,4.0,0.5782,-0.6779,0.04,Long (>5 min),Low
2026-03-31,New Platform,Rewards Redemption,320.0,12,0,0.795,159.0,0,4.0,0.5906,-0.7717,0.12,Long (>5 min),Low
2026-03-07,New Platform,Balance Inquiry,184.0,9,3,0.838,170.0,0,3.0,0.2531,-0.6427,0.09,Medium (2.5-5 min),Medium
2026-02-05,Legacy IVR,Cancel a Payment,266.0,9,1,0.838,268.0,0,4.0,0.4566,0.5066,0.09,Medium (2.5-5 min),Medium
2026-02-22,New Platform,Make a Payment,173.0,6,0,0.935,260.0,0,5.0,0.2258,0.4128,0.06,Medium (2.5-5 min),High
2026-01-02,Legacy IVR,Recent Transactions,173.0,4,0,0.718,190.0,0,4.0,0.2258,-0.4082,0.04,Medium (2.5-5 min),Low
2026-02-11,New Platform,Make a Payment,227.0,10,1,0.777,131.0,0,4.0,0.3598,-1.1001,0.1,Medium (2.5-5 min),Low
2026-03-04,New Platform,Cancel a Payment,241.0,6,0,0.895,175.0,0,4.0,0.3945,-0.5841,0.06,Medium (2.5-5 min),High
2026-02-07,Legacy IVR,Rewards Redemption,325.0,7,1,0.888,184.0,0,4.0,0.603,-0.4785,0.07,Long (>5 min),High
2026-02-07,Legacy IVR,Recent Transactions,261.0,8,3,0.872,184.0,0,4.0,0.4442,-0.4785,0.08,Medium (2.5-5 min),Medium
2026-03-31,New Platform,Recent Transactions,174.0,7,1,0.939,139.0,0,4.0,0.2283,-1.0063,0.07,Medium (2.5-5 min),High
2026-02-24,New Platform,Recent Transactions,147.0,7,0,0.965,208.0,0,5.0,0.1613,-0.1971,0.07,Short (<2.5 min),High
2026-02-09,New Platform,Cancel a Payment,431.0,8,2,0.978,152.0,1,3.0,0.866,-0.8538,0.08,Long (>5 min),High
2026-02-18,New Platform,Recent Transactions,169.0,6,0,0.96,170.0,0,5.0,0.2159,-0.6427,0.06,Medium (2.5-5 min),High
2026-01-30,New Platform,Make a Payment,144.0,7,0,0.88,169.0,0,4.0,0.1538,-0.6545,0.07,Short (<2.5 min),Medium
2026-03-03,New Platform,Balance Inquiry,153.0,4,0,0.917,199.0,0,3.0,0.1762,-0.3026,0.04,Medium (2.5-5 min),High
2026-03-18,New Platform,Recent Transactions,172.0,6,1,0.83,120.0,0,3.0,0.2233,-1.2291,0.06,Medium (2.5-5 min),Medium
2026-01-16,Legacy IVR,Balance Inquiry,139.0,5,1,0.75,287.0,0,4.0,0.1414,0.7294,0.05,Short (<2.5 min),Low
2026-03-13,Legacy IVR,Balance Inquiry,103.0,4,0,0.845,165.0,0,3.0,0.0521,-0.7014,0.04,Short (<2.5 min),Medium
2026-03-17,New Platform,Recent Transactions,209.0,6,2,0.95,200.0,0,4.0,0.3151,-0.2909,0.06,Medium (2.5-5 min),High
2026-02-15,Legacy IVR,Recent Transactions,263.0,8,1,0.618,285.0,0,4.0,0.4491,0.706,0.08,Medium (2.5-5 min),Low
2026-01-30,Legacy IVR,Recent Transactions,286.0,7,1,0.9,259.0,1,4.0,0.5062,0.401,0.07,Medium (2.5-5 min),High
2026-03-10,New Platform,Balance Inquiry,123.0,6,0,0.947,134.0,0,4.0,0.1017,-1.0649,0.06,Short (<2.5 min),High
2026-03-23,New Platform,Balance Inquiry,94.0,6,0,0.919,260.0,0,4.0,0.0298,0.4128,0.06,Short (<2.5 min),High
2026-03-10,New Platform,Make a Payment,290.0,7,3,0.967,173.0,0,3.0,0.5161,-0.6076,0.07,Medium (2.5-5 min),High
2026-03-19,Legacy IVR,Make a Payment,330.0,5,2,0.668,191.0,0,3.0,0.6154,-0.3965,0.05,Long (>5 min),Low
2026-02-26,New Platform,Recent Transactions,153.0,5,0,0.893,154.0,0,4.0,0.1762,-0.8304,0.05,Medium (2.5-5 min),High
2026-02-27,Legacy IVR,Make a Payment,301.0,8,1,0.857,252.0,0,4.0,0.5434,0.319,0.08,Long (>5 min),Medium
2026-01-17,Legacy IVR,Cancel a Payment,287.0,9,1,0.838,246.0,0,4.0,0.5087,0.2486,0.09,Medium (2.5-5 min),Medium
2026-03-12,New Platform,Recent Transactions,243.0,9,2,0.769,210.0,0,4.0,0.3995,-0.1736,0.09,Medium (2.5-5 min),Low
2026-01-25,Legacy IVR,Recent Transactions,224.0,7,1,0.72,248.0,0,4.0,0.3524,0.272,0.07,Medium (2.5-5 min),Low
2026-02-13,Legacy IVR,Cancel a Payment,242.0,7,1,0.863,286.0,0,3.0,0.397,0.7177,0.07,Medium (2.5-5 min),Medium
2026-03-24,New Platform,Make a Payment,355.0,7,1,0.808,167.0,1,4.0,0.6774,-0.6779,0.07,Long (>5 min),Low
2026-02-28,New Platform,Recent Transactions,250.0,5,0,0.968,215.0,0,5.0,0.4169,-0.115,0.05,Medium (2.5-5 min),High
2026-03-08,New Platform,Make a Payment,168.0,5,0,0.852,311.0,0,5.0,0.2134,1.0109,0.05,Medium (2.5-5 min),Medium
2026-03-02,New Platform,Cancel a Payment,335.0,9,2,0.758,152.0,0,3.0,0.6278,-0.8538,0.09,Long (>5 min),Low
2026-03-24,New Platform,Make a Payment,265.0,4,0,0.919,248.0,0,4.0,0.4541,0.272,0.04,Medium (2.5-5 min),High
2026-02-16,New Platform,Balance Inquiry,208.0,5,0,0.906,186.0,1,3.0,0.3127,-0.4551,0.05,Medium (2.5-5 min),High
2026-02-05,New Platform,Cancel a Payment,369.0,11,0,0.843,267.0,1,3.0,0.7122,0.4949,0.11,Long (>5 min),Medium
2026-01-24,Legacy IVR,Recent Transactions,204.0,6,1,0.838,275.0,0,4.0,0.3027,0.5887,0.06,Medium (2.5-5 min),Medium
2026-03-16,New Platform,Balance Inquiry,91.0,3,0,0.89,169.0,0,4.0,0.0223,-0.6545,0.03,Short (<2.5 min),High
2026-03-28,New Platform,Make a Payment,324.0,11,2,0.756,268.0,0,4.0,0.6005,0.5066,0.11,Long (>5 min),Low
2026-02-16,New Platform,Make a Payment,260.0,10,1,0.833,219.0,0,4.0,0.4417,-0.0681,0.1,Medium (2.5-5 min),Medium
2026-03-15,New Platform,Recent Transactions,183.0,7,0,0.962,145.0,0,4.0,0.2506,-0.9359,0.07,Medium (2.5-5 min),High
2026-03-14,Legacy IVR,Balance Inquiry,140.0,6,1,0.89,286.0,0,4.0,0.1439,0.7177,0.06,Short (<2.5 min),High
2026-02-02,Legacy IVR,Rewards Redemption,397.0,10,3,0.589,217.0,0,3.0,0.7816,-0.0915,0.1,Long (>5 min),Low
2026-01-31,New Platform,Make a Payment,235.0,9,1,0.897,241.0,0,5.0,0.3797,0.1899,0.09,Medium (2.5-5 min),High
2026-02-28,New Platform,Rewards Redemption,330.0,8,0,0.905,158.0,0,5.0,0.6154,-0.7835,0.08,Long (>5 min),High
2026-01-18,Legacy IVR,Make a Payment,161.0,6,0,0.838,181.0,0,5.0,0.196,-0.5137,0.06,Medium (2.5-5 min),Medium
2026-02-10,Legacy IVR,Recent Transactions,125.0,4,0,0.849,224.0,0,4.0,0.1067,-0.0094,0.04,Short (<2.5 min),Medium
2026-03-25,Legacy IVR,Recent Transactions,193.0,6,1,0.603,345.0,0,4.0,0.2754,1.4096,0.06,Medium (2.5-5 min),Low
2026-01-30,New Platform,Make a Payment,203.0,7,0,0.884,165.0,0,4.0,0.3002,-0.7014,0.07,Medium (2.5-5 min),Medium
2026-03-17,Legacy IVR,Make a Payment,314.0,7,1,0.809,186.0,0,3.0,0.5757,-0.4551,0.07,Long (>5 min),Low
2026-03-30,New Platform,Recent Transactions,150.0,6,0,0.867,231.0,0,5.0,0.1687,0.0727,0.06,Short (<2.5 min),Medium
2026-03-11,New Platform,Recent Transactions,166.0,5,0,0.928,199.0,0,4.0,0.2084,-0.3026,0.05,Medium (2.5-5 min),High
2026-03-13,Legacy IVR,Cancel a Payment,445.0,6,2,0.851,268.0,0,4.0,0.9007,0.5066,0.06,Long (>5 min),Medium
2026-01-12,Legacy IVR,Balance Inquiry,260.0,5,1,0.735,177.0,1,4.0,0.4417,-0.5606,0.05,Medium (2.5-5 min),Low
2026-02-20,New Platform,Balance Inquiry,115.0,3,0,0.892,197.0,0,4.0,0.0819,-0.3261,0.03,Short (<2.5 min),High
2026-01-10,New Platform,Make a Payment,263.0,7,1,0.872,145.0,0,5.0,0.4491,-0.9359,0.07,Medium (2.5-5 min),Medium
2026-01-07,Legacy IVR,Make a Payment,307.0,8,1,0.728,224.0,0,4.0,0.5583,-0.0094,0.08,Long (>5 min),Low
2026-03-29,New Platform,Make a Payment,391.0,9,2,0.929,779.0,0,3.0,0.7667,6.4996,0.09,Long (>5 min),High
2026-01-10,Legacy IVR,Recent Transactions,218.0,6,1,0.758,192.0,0,5.0,0.3375,-0.3847,0.06,Medium (2.5-5 min),Low
2026-02-28,Legacy IVR,Cancel a Payment,256.0,9,1,0.84,243.0,0,3.0,0.4318,0.2134,0.09,Medium (2.5-5 min),Medium
2026-01-18,New Platform,Recent Transactions,123.0,5,0,0.764,167.0,0,4.0,0.1017,-0.6779,0.05,Short (<2.5 min),Low
2026-01-13,New Platform,Make a Payment,253.0,6,0,0.922,186.0,0,4.0,0.4243,-0.4551,0.06,Medium (2.5-5 min),High
2026-03-25,New Platform,Recent Transactions,208.0,7,1,0.782,238.0,0,4.0,0.3127,0.1548,0.07,Medium (2.5-5 min),Low
2026-02-24,New Platform,Cancel a Payment,290.0,9,1,0.859,154.0,0,4.0,0.5161,-0.8304,0.09,Medium (2.5-5 min),Medium
2026-01-20,Legacy IVR,Cancel a Payment,314.0,5,1,0.682,404.0,0,4.0,0.5757,2.1016,0.05,Long (>5 min),Low
2026-02-09,Legacy IVR,Balance Inquiry,183.0,7,2,0.935,240.0,0,4.0,0.2506,0.1782,0.07,Medium (2.5-5 min),High
2026-02-20,New Platform,Make a Payment,257.0,7,1,0.93,174.0,0,3.0,0.4342,-0.5958,0.07,Medium (2.5-5 min),High
2026-02-02,Legacy IVR,Make a Payment,387.0,10,0,0.759,277.0,1,3.0,0.7568,0.6121,0.1,Long (>5 min),Low
2026-01-16,Legacy IVR,Make a Payment,206.0,8,0,0.793,405.0,0,4.0,0.3077,2.1133,0.08,Medium (2.5-5 min),Low
2026-03-06,Legacy IVR,Cancel a Payment,308.0,7,0,0.847,107.0,0,5.0,0.5608,-1.3816,0.07,Long (>5 min),Medium
2026-03-20,New Platform,Balance Inquiry,122.0,5,1,0.879,212.0,0,5.0,0.0993,-0.1502,0.05,Short (<2.5 min),Medium
2026-01-12,Legacy IVR,Balance Inquiry,196.0,8,3,0.708,251.0,0,3.0,0.2829,0.3072,0.08,Medium (2.5-5 min),Low
2026-03-25,New Platform,Make a Payment,214.0,7,1,0.924,244.0,0,3.0,0.3275,0.2251,0.07,Medium (2.5-5 min),High
2026-01-10,Legacy IVR,Make a Payment,313.0,8,1,0.81,184.0,0,4.0,0.5732,-0.4785,0.08,Long (>5 min),Low
2026-02-05,New Platform,Make a Payment,247.0,5,0,0.931,180.0,0,4.0,0.4094,-0.5255,0.05,Medium (2.5-5 min),High
2026-01-09,New Platform,Balance Inquiry,93.0,3,0,0.946,242.0,0,4.0,0.0273,0.2017,0.03,Short (<2.5 min),High
2026-01-17,Legacy IVR,Balance Inquiry,146.0,5,2,0.611,186.0,0,5.0,0.1588,-0.4551,0.05,Short (<2.5 min),Low
2026-02-07,New Platform,Balance Inquiry,126.0,6,1,0.944,175.0,0,3.0,0.1092,-0.5841,0.06,Short (<2.5 min),High
2026-01-22,New Platform,Cancel a Payment,243.0,7,0,0.918,172.0,0,5.0,0.3995,-0.6193,0.07,Medium (2.5-5 min),High
2026-02-08,New Platform,Rewards Redemption,280.0,9,1,0.885,215.0,0,4.0,0.4913,-0.115,0.09,Medium (2.5-5 min),Medium
2026-01-25,New Platform,Recent Transactions,133.0,4,0,0.904,138.0,0,5.0,0.1266,-1.018,0.04,Short (<2.5 min),High
2026-02-19,New Platform,Make a Payment,330.0,5,1,0.864,144.0,1,2.0,0.6154,-0.9477,0.05,Long (>5 min),Medium
2026-02-10,Legacy IVR,Recent Transactions,228.0,6,2,0.838,243.0,0,3.0,0.3623,0.2134,0.06,Medium (2.5-5 min),Medium
2026-03-14,Legacy IVR,Recent Transactions,248.0,11,2,0.898,147.0,0,4.0,0.4119,-0.9125,0.11,Medium (2.5-5 min),High
2026-02-19,Legacy IVR,Balance Inquiry,211.0,7,1,0.743,333.0,0,4.0,0.3201,1.2689,0.07,Medium (2.5-5 min),Low
2026-02-11,New Platform,Cancel a Payment,213.0,10,0,0.871,215.0,0,3.0,0.3251,-0.115,0.1,Medium (2.5-5 min),Medium
2026-02-15,Legacy IVR,Recent Transactions,238.0,6,1,0.762,233.0,0,4.0,0.3871,0.0961,0.06,Medium (2.5-5 min),Low
2026-02-07,Legacy IVR,Make a Payment,442.0,10,3,0.649,233.0,1,3.0,0.8933,0.0961,0.1,Long (>5 min),Low
2026-01-22,New Platform,Make a Payment,199.0,8,1,0.986,291.0,0,4.0,0.2903,0.7763,0.08,Medium (2.5-5 min),High
2026-03-06,New Platform,Make a Payment,216.0,9,0,0.936,229.0,0,4.0,0.3325,0.0492,0.09,Medium (2.5-5 min),High
2026-03-15,Legacy IVR,Balance Inquiry,174.0,5,1,0.733,186.0,0,4.0,0.2283,-0.4551,0.05,Medium (2.5-5 min),Low
2026-01-29,New Platform,Rewards Redemption,290.0,12,0,0.89,136.0,0,4.0,0.5161,-1.0415,0.12,Medium (2.5-5 min),High
2026-01-17,New Platform,Rewards Redemption,212.0,4,0,0.869,182.0,0,4.0,0.3226,-0.502,0.04,Medium (2.5-5 min),Medium
2026-03-24,New Platform,Recent Transactions,219.0,7,1,0.882,169.0,0,3.0,0.34,-0.6545,0.07,Medium (2.5-5 min),Medium
2026-03-24,New Platform,Make a Payment,286.0,6,1,0.881,237.0,0,4.0,0.5062,0.143,0.06,Medium (2.5-5 min),Medium
2026-02-24,New Platform,Balance Inquiry,180.0,8,1,0.877,306.0,0,4.0,0.2432,0.9523,0.08,Medium (2.5-5 min),Medium
2026-02-04,New Platform,Make a Payment,266.0,5,1,0.913,221.0,0,4.0,0.4566,-0.0446,0.05,Medium (2.5-5 min),High
2026-02-05,Legacy IVR,Make a Payment,401.0,9,2,0.826,225.0,1,1.0,0.7916,0.0023,0.09,Long (>5 min),Medium
2026-01-14,Legacy IVR,Cancel a Payment,330.0,5,1,0.843,267.0,0,3.0,0.6154,0.4949,0.05,Long (>5 min),Medium
2026-03-18,New Platform,Make a Payment,227.0,8,1,0.847,192.0,0,4.0,0.3598,-0.3847,0.08,Medium (2.5-5 min),Medium
2026-02-17,New Platform,Make a Payment,209.0,8,0,0.895,277.0,0,4.0,0.3151,0.6121,0.08,Medium (2.5-5 min),High
2026-03-20,New Platform,Make a Payment,360.0,7,1,0.838,335.0,1,2.0,0.6898,1.2924,0.07,Long (>5 min),Medium
2026-02-02,New Platform,Cancel a Payment,248.0,7,0,0.919,239.0,0,4.0,0.4119,0.1665,0.07,Medium (2.5-5 min),High
2026-01-02,Legacy IVR,Rewards Redemption,458.0,9,3,0.963,237.0,0,4.0,0.933,0.143,0.09,Long (>5 min),High
2026-03-21,New Platform,Balance Inquiry,225.0,5,1,0.905,207.0,1,2.0,0.3548,-0.2088,0.05,Medium (2.5-5 min),High
2026-01-09,Legacy IVR,Make a Payment,309.0,9,0,0.77,254.0,0,5.0,0.5633,0.3424,0.09,Long (>5 min),Low
2026-01-31,Legacy IVR,Make a Payment,422.0,12,2,0.781,306.0,0,4.0,0.8437,0.9523,0.12,Long (>5 min),Low
2026-01-17,Legacy IVR,Balance Inquiry,220.0,5,1,0.669,195.0,0,4.0,0.3424,-0.3495,0.05,Medium (2.5-5 min),Low
2026-01-07,Legacy IVR,Make a Payment,267.0,8,2,0.772,245.0,0,3.0,0.4591,0.2369,0.08,Medium (2.5-5 min),Low
2026-01-31,New Platform,Balance Inquiry,149.0,5,2,0.912,239.0,0,4.0,0.1663,0.1665,0.05,Short (<2.5 min),High
2026-01-03,Legacy IVR,Make a Payment,306.0,7,3,0.833,229.0,0,3.0,0.5558,0.0492,0.07,Long (>5 min),Medium
2026-03-13,New Platform,Recent Transactions,175.0,4,0,0.838,161.0,0,4.0,0.2308,-0.7483,0.04,Medium (2.5-5 min),Medium
2026-01-18,Legacy IVR,Unknown,218.0,6,1,0.845,392.0,0,5.0,0.3375,1.9609,0.06,Medium (2.5-5 min),Medium
2026-02-09,Legacy IVR,Make a Payment,360.0,7,2,0.766,313.0,0,3.0,0.6898,1.0344,0.07,Long (>5 min),Low
2026-01-19,Legacy IVR,Make a Payment,434.0,9,0,0.522,314.0,1,4.0,0.8734,1.0461,0.09,Long (>5 min),Low
2026-01-23,Legacy IVR,Rewards Redemption,411.0,8,0,0.823,301.0,0,5.0,0.8164,0.8936,0.08,Long (>5 min),Low
2026-03-07,New Platform,Cancel a Payment,311.0,9,3,0.944,144.0,0,4.0,0.5682,-0.9477,0.09,Long (>5 min),High
2026-01-29,Legacy IVR,Recent Transactions,225.0,5,1,0.771,242.0,0,3.0,0.3548,0.2017,0.05,Medium (2.5-5 min),Low
2026-01-17,Legacy IVR,Make a Payment,207.0,7,0,0.736,261.0,0,4.0,0.3102,0.4245,0.07,Medium (2.5-5 min),Low
2026-01-10,Legacy IVR,Balance Inquiry,354.0,7,2,0.838,325.0,1,4.0,0.6749,1.1751,0.07,Long (>5 min),Medium
2026-03-30,New Platform,Make a Payment,152.0,5,0,0.849,283.0,0,5.0,0.1737,0.6825,0.05,Medium (2.5-5 min),Medium
2026-03-13,New Platform,Recent Transactions,199.0,6,1,0.816,228.0,0,4.0,0.2903,0.0375,0.06,Medium (2.5-5 min),Low
2026-01-25,Legacy IVR,Unknown,375.0,5,1,0.727,174.0,1,4.0,0.727,-0.5958,0.05,Long (>5 min),Low
2026-01-17,Legacy IVR,Balance Inquiry,158.0,7,1,0.882,195.0,0,4.0,0.1886,-0.3495,0.07,Medium (2.5-5 min),Medium
2026-02-05,Legacy IVR,Rewards Redemption,329.0,7,2,0.772,112.0,0,4.0,0.6129,-1.323,0.07,Long (>5 min),Low
2026-02-02,New Platform,Rewards Redemption,221.0,8,0,0.933,195.0,0,4.0,0.3449,-0.3495,0.08,Medium (2.5-5 min),High
2026-02-07,Legacy IVR,Make a Payment,229.0,6,0,0.912,156.0,0,5.0,0.3648,-0.8069,0.06,Medium (2.5-5 min),High
2026-01-02,Legacy IVR,Make a Payment,267.0,7,2,0.866,190.0,0,3.0,0.4591,-0.4082,0.07,Medium (2.5-5 min),Medium
2026-01-17,New Platform,Make a Payment,379.0,8,2,0.895,178.0,1,3.0,0.737,-0.5489,0.08,Long (>5 min),High
2026-03-17,Legacy IVR,Recent Transactions,198.0,5,0,0.729,247.0,0,5.0,0.2878,0.2603,0.05,Medium (2.5-5 min),Low
2026-01-07,Legacy IVR,Rewards Redemption,428.0,9,3,0.774,164.0,0,3.0,0.8586,-0.7131,0.09,Long (>5 min),Low
2026-03-07,New Platform,Recent Transactions,189.0,7,1,0.894,151.0,0,3.0,0.2655,-0.8656,0.07,Medium (2.5-5 min),High
2026-02-28,Legacy IVR,Make a Payment,395.0,11,2,0.821,301.0,0,4.0,0.7767,0.8936,0.11,Long (>5 min),Low
2026-02-27,New Platform,Make a Payment,250.0,8,0,0.936,214.0,0,4.0,0.4169,-0.1267,0.08,Medium (2.5-5 min),High
2026-03-12,New Platform,Make a Payment,183.0,4,0,0.915,197.0,0,4.0,0.2506,-0.3261,0.04,Medium (2.5-5 min),High
2026-02-13,Legacy IVR,Recent Transactions,391.0,9,1,0.533,291.0,1,3.0,0.7667,0.7763,0.09,Long (>5 min),Low
2026-03-24,Legacy IVR,Cancel a Payment,408.0,10,3,0.863,379.0,0,3.0,0.8089,1.8084,0.1,Long (>5 min),Medium
2026-01-24,Legacy IVR,Balance Inquiry,126.0,4,0,0.745,285.0,0,5.0,0.1092,0.706,0.04,Short (<2.5 min),Low
2026-02-06,Legacy IVR,Recent Transactions,208.0,7,1,0.838,188.0,0,5.0,0.3127,-0.4316,0.07,Medium (2.5-5 min),Medium
2026-03-30,Legacy IVR,Recent Transactions,224.0,7,2,0.806,179.0,0,3.0,0.3524,-0.5372,0.07,Medium (2.5-5 min),Low
2026-03-29,New Platform,Balance Inquiry,106.0,4,0,0.886,271.0,0,4.0,0.0596,0.5418,0.04,Short (<2.5 min),Medium
2026-01-05,New Platform,Recent Transactions,206.0,5,0,0.966,201.0,0,4.0,0.3077,-0.2792,0.05,Medium (2.5-5 min),High
2026-01-01,Legacy IVR,Recent Transactions,257.0,7,1,0.597,390.0,0,4.0,0.4342,1.9374,0.07,Medium (2.5-5 min),Low
2026-02-20,Legacy IVR,Make a Payment,372.0,9,2,0.757,480.0,0,4.0,0.7196,2.9929,0.09,Long (>5 min),Low
2026-01-09,Legacy IVR,Make a Payment,267.0,9,1,0.858,238.0,0,4.0,0.4591,0.1548,0.09,Medium (2.5-5 min),Medium
2026-01-19,Legacy IVR,Rewards Redemption,339.0,9,3,0.92,335.0,0,4.0,0.6377,1.2924,0.09,Long (>5 min),High
2026-01-07,Legacy IVR,Make a Payment,335.0,8,1,0.79,308.0,0,3.0,0.6278,0.9757,0.08,Long (>5 min),Low
2026-01-02,Legacy IVR,Unknown,181.0,6,0,0.893,416.0,0,4.0,0.2457,2.2423,0.06,Medium (2.5-5 min),High
2026-01-10,Legacy IVR,Balance Inquiry,127.0,6,0,0.634,325.0,0,3.0,0.1117,1.1751,0.06,Short (<2.5 min),Low
2026-01-16,Legacy IVR,Recent Transactions,260.0,6,0,0.838,224.0,0,4.0,0.4417,-0.0094,0.06,Medium (2.5-5 min),Medium
2026-01-16,Legacy IVR,Rewards Redemption,270.0,4,0,0.71,263.0,0,4.0,0.4665,0.448,0.04,Medium (2.5-5 min),Low
2026-02-27,New Platform,Recent Transactions,175.0,8,0,0.893,193.0,0,4.0,0.2308,-0.373,0.08,Medium (2.5-5 min),High
2026-01-29,Legacy IVR,Cancel a Payment,326.0,6,0,0.871,186.0,0,5.0,0.6055,-0.4551,0.06,Long (>5 min),Medium
2026-02-18,Legacy IVR,Recent Transactions,397.0,10,3,0.836,172.0,1,3.0,0.7816,-0.6193,0.1,Long (>5 min),Medium
2026-03-04,New Platform,Balance Inquiry,136.0,5,1,0.921,262.0,0,4.0,0.134,0.4362,0.05,Short (<2.5 min),High
2026-02-10,Legacy IVR,Balance Inquiry,139.0,5,1,0.838,137.0,0,4.0,0.1414,-1.0298,0.05,Short (<2.5 min),Medium
2026-03-14,New Platform,Cancel a Payment,243.0,7,0,0.925,220.0,0,3.0,0.3995,-0.0563,0.07,Medium (2.5-5 min),High
2026-02-09,Legacy IVR,Make a Payment,300.0,8,1,0.887,269.0,0,5.0,0.5409,0.5183,0.08,Medium (2.5-5 min),High
2026-02-08,Legacy IVR,Make a Payment,269.0,7,2,0.87,203.0,0,4.0,0.464,-0.2557,0.07,Medium (2.5-5 min),Medium
2026-01-21,Legacy IVR,Rewards Redemption,289.0,6,0,0.482,248.0,0,4.0,0.5136,0.272,0.06,Medium (2.5-5 min),Low
2026-01-25,Legacy IVR,Make a Payment,303.0,11,3,0.877,199.0,0,3.0,0.5484,-0.3026,0.11,Long (>5 min),Medium
2026-03-24,Legacy IVR,Make a Payment,442.0,7,2,0.641,252.0,1,3.0,0.8933,0.319,0.07,Long (>5 min),Low
2026-01-28,New Platform,Recent Transactions,117.0,5,0,0.857,188.0,0,4.0,0.0868,-0.4316,0.05,Short (<2.5 min),Medium
2026-02-17,Legacy IVR,Recent Transactions,323.0,12,2,0.838,151.0,0,3.0,0.598,-0.8656,0.12,Long (>5 min),Medium
2026-02-21,New Platform,Cancel a Payment,278.0,11,0,0.862,161.0,0,4.0,0.4864,-0.7483,0.11,Medium (2.5-5 min),Medium
2026-01-20,Legacy IVR,Rewards Redemption,365.0,5,1,0.937,246.0,0,4.0,0.7022,0.2486,0.05,Long (>5 min),High
2026-03-30,New Platform,Balance Inquiry,164.0,7,1,0.83,225.0,0,4.0,0.2035,0.0023,0.07,Medium (2.5-5 min),Medium
2026-01-25,Legacy IVR,Rewards Redemption,467.0,4,0,0.701,296.0,1,4.0,0.9553,0.835,0.04,Long (>5 min),Low
2026-02-28,New Platform,Recent Transactions,155.0,7,0,0.919,182.0,0,5.0,0.1811,-0.502,0.07,Medium (2.5-5 min),High
2026-03-17,New Platform,Make a Payment,237.0,8,1,0.836,340.0,0,4.0,0.3846,1.351,0.08,Medium (2.5-5 min),Medium
2026-01-02,Legacy IVR,Balance Inquiry,183.0,6,1,0.897,236.0,0,4.0,0.2506,0.1313,0.06,Medium (2.5-5 min),High
2026-03-18,New Platform,Rewards Redemption,177.0,7,0,0.86,293.0,0,4.0,0.2357,0.7998,0.07,Medium (2.5-5 min),Medium
2026-01-18,Legacy IVR,Make a Payment,290.0,7,0,0.859,300.0,0,5.0,0.5161,0.8819,0.07,Medium (2.5-5 min),Medium
2026-02-01,New Platform,Make a Payment,225.0,5,1,0.841,149.0,0,4.0,0.3548,-0.889,0.05,Medium (2.5-5 min),Medium
2026-03-16,New Platform,Make a Payment,290.0,6,1,0.93,289.0,0,3.0,0.5161,0.7529,0.06,Medium (2.5-5 min),High
2026-02-20,New Platform,Balance Inquiry,99.0,5,0,0.838,163.0,0,3.0,0.0422,-0.7248,0.05,Short (<2.5 min),Medium
2026-03-15,New Platform,Make a Payment,230.0,8,1,0.881,189.0,0,4.0,0.3672,-0.4199,0.08,Medium (2.5-5 min),Medium
2026-02-22,Legacy IVR,Balance Inquiry,167.0,7,1,0.845,281.0,0,5.0,0.2109,0.6591,0.07,Medium (2.5-5 min),Medium
2026-02-15,New Platform,Balance Inquiry,128.0,4,1,0.857,167.0,0,4.0,0.1141,-0.6779,0.04,Short (<2.5 min),Medium
2026-03-05,New Platform,Make a Payment,188.0,5,0,0.905,196.0,0,5.0,0.263,-0.3378,0.05,Medium (2.5-5 min),High
2026-03-17,New Platform,Recent Transactions,172.0,6,0,0.891,272.0,0,3.0,0.2233,0.5535,0.06,Medium (2.5-5 min),High
2026-02-10,Legacy IVR,Cancel a Payment,280.0,6,0,0.877,222.0,0,4.0,0.4913,-0.0329,0.06,Medium (2.5-5 min),Medium
2026-02-10,Legacy IVR,Recent Transactions,200.0,5,0,0.873,194.0,0,4.0,0.2928,-0.3613,0.05,Medium (2.5-5 min),Medium
2026-03-24,New Platform,Cancel a Payment,233.0,8,0,0.978,97.0,0,4.0,0.3747,-1.4989,0.08,Medium (2.5-5 min),High
2026-01-16,Legacy IVR,Make a Payment,266.0,7,2,0.838,278.0,0,4.0,0.4566,0.6239,0.07,Medium (2.5-5 min),Medium
2026-01-13,New Platform,Recent Transactions,298.0,5,0,0.822,143.0,1,2.0,0.536,-0.9594,0.05,Medium (2.5-5 min),Low
2026-02-11,Legacy IVR,Balance Inquiry,143.0,5,0,0.73,192.0,0,4.0,0.1514,-0.3847,0.05,Short (<2.5 min),Low
2026-01-23,New Platform,Recent Transactions,233.0,7,0,0.828,185.0,0,4.0,0.3747,-0.4668,0.07,Medium (2.5-5 min),Medium
2026-03-05,Legacy IVR,Make a Payment,408.0,11,2,0.596,297.0,0,4.0,0.8089,0.8467,0.11,Long (>5 min),Low
2026-03-07,Legacy IVR,Balance Inquiry,141.0,5,0,0.641,194.0,0,4.0,0.1464,-0.3613,0.05,Short (<2.5 min),Low
2026-02-15,Legacy IVR,Cancel a Payment,206.0,6,1,0.792,259.0,0,4.0,0.3077,0.401,0.06,Medium (2.5-5 min),Low
2026-02-02,Legacy IVR,Recent Transactions,147.0,3,0,0.894,277.0,0,4.0,0.1613,0.6121,0.03,Short (<2.5 min),High
2026-01-26,New Platform,Cancel a Payment,367.0,3,0,0.844,779.0,0,5.0,0.7072,6.4996,0.03,Long (>5 min),Medium
2026-01-29,Legacy IVR,Make a Payment,430.0,5,1,0.792,779.0,1,3.0,0.8635,6.4996,0.05,Long (>5 min),Low
2026-02-11,Legacy IVR,Rewards Redemption,329.0,7,1,0.656,169.0,0,4.0,0.6129,-0.6545,0.07,Long (>5 min),Low
2026-03-07,New Platform,Cancel a Payment,274.0,10,1,0.837,189.0,0,5.0,0.4764,-0.4199,0.1,Medium (2.5-5 min),Medium
2026-01-06,Legacy IVR,Make a Payment,370.0,12,4,0.728,141.0,0,3.0,0.7146,-0.9828,0.12,Long (>5 min),Low
2026-02-12,Legacy IVR,Balance Inquiry,225.0,6,3,0.838,157.0,0,3.0,0.3548,-0.7952,0.06,Medium (2.5-5 min),Medium
2026-02-28,New Platform,Balance Inquiry,104.0,3,0,0.834,181.0,0,4.0,0.0546,-0.5137,0.03,Short (<2.5 min),Medium
2026-02-07,New Platform,Balance Inquiry,123.0,4,0,0.953,196.0,0,4.0,0.1017,-0.3378,0.04,Short (<2.5 min),High
2026-03-25,New Platform,Make a Payment,257.0,7,1,0.893,112.0,0,4.0,0.4342,-1.323,0.07,Medium (2.5-5 min),High
2026-03-05,Legacy IVR,Make a Payment,332.0,10,2,0.792,143.0,0,2.0,0.6203,-0.9594,0.1,Long (>5 min),Low
2026-03-28,Legacy IVR,Cancel a Payment,255.0,3,0,0.828,101.0,0,4.0,0.4293,-1.452,0.03,Medium (2.5-5 min),Medium
2026-03-31,New Platform,Rewards Redemption,225.0,7,0,0.838,250.0,0,3.0,0.3548,0.2955,0.07,Medium (2.5-5 min),Medium
2026-03-20,Legacy IVR,Rewards Redemption,237.0,7,0,0.848,331.0,0,5.0,0.3846,1.2455,0.07,Medium (2.5-5 min),Medium
2026-03-29,New Platform,Cancel a Payment,272.0,7,1,0.97,234.0,0,3.0,0.4715,0.1078,0.07,Medium (2.5-5 min),High
2026-03-15,New Platform,Balance Inquiry,93.0,4,1,0.867,183.0,0,4.0,0.0273,-0.4903,0.04,Short (<2.5 min),Medium
2026-01-08,New Platform,Recent Transactions,216.0,5,0,0.838,465.0,0,4.0,0.3325,2.817,0.05,Medium (2.5-5 min),Medium
2026-03-29,Legacy IVR,Recent Transactions,181.0,5,0,0.71,198.0,0,5.0,0.2457,-0.3144,0.05,Medium (2.5-5 min),Low
2026-03-02,New Platform,Recent Transactions,152.0,5,0,0.912,196.0,0,5.0,0.1737,-0.3378,0.05,Medium (2.5-5 min),High
2026-02-27,New Platform,Recent Transactions,195.0,4,0,0.85,306.0,0,5.0,0.2804,0.9523,0.04,Medium (2.5-5 min),Medium
2026-03-09,Legacy IVR,Balance Inquiry,152.0,6,1,0.853,205.0,0,3.0,0.1737,-0.2323,0.06,Medium (2.5-5 min),Medium
2026-01-10,New Platform,Recent Transactions,165.0,5,0,0.963,213.0,0,5.0,0.206,-0.1384,0.05,Medium (2.5-5 min),High
2026-02-08,Legacy IVR,Make a Payment,316.0,10,1,0.868,154.0,0,4.0,0.5806,-0.8304,0.1,Long (>5 min),Medium
2026-02-20,Legacy IVR,Recent Transactions,298.0,4,1,0.879,123.0,1,2.0,0.536,-1.1939,0.04,Medium (2.5-5 min),Medium
2026-02-12,Legacy IVR,Balance Inquiry,165.0,6,1,0.86,364.0,0,4.0,0.206,1.6325,0.06,Medium (2.5-5 min),Medium
2026-02-27,New Platform,Recent Transactions,162.0,5,1,0.895,355.0,0,4.0,0.1985,1.5269,0.05,Medium (2.5-5 min),High
2026-03-16,Legacy IVR,Rewards Redemption,292.0,5,0,0.777,213.0,0,4.0,0.5211,-0.1384,0.05,Medium (2.5-5 min),Low
2026-03-06,New Platform,Recent Transactions,169.0,7,0,0.879,324.0,0,5.0,0.2159,1.1634,0.07,Medium (2.5-5 min),Medium
2026-03-29,New Platform,Rewards Redemption,298.0,8,0,0.711,241.0,0,5.0,0.536,0.1899,0.08,Medium (2.5-5 min),Low
2026-03-05,New Platform,Recent Transactions,287.0,10,1,0.882,175.0,0,3.0,0.5087,-0.5841,0.1,Medium (2.5-5 min),Medium
2026-03-06,Legacy IVR,Cancel a Payment,262.0,6,0,0.781,219.0,0,4.0,0.4467,-0.0681,0.06,Medium (2.5-5 min),Low
2026-01-31,Legacy IVR,Make a Payment,481.0,9,2,0.835,371.0,1,4.0,0.9901,1.7146,0.09,Long (>5 min),Medium
2026-01-02,Legacy IVR,Rewards Redemption,266.0,8,2,0.835,239.0,0,4.0,0.4566,0.1665,0.08,Medium (2.5-5 min),Medium
2026-02-11,New Platform,Cancel a Payment,238.0,5,0,0.936,181.0,0,3.0,0.3871,-0.5137,0.05,Medium (2.5-5 min),High
2026-02-12,Legacy IVR,Recent Transactions,215.0,7,1,0.807,177.0,0,3.0,0.33,-0.5606,0.07,Medium (2.5-5 min),Low
2026-01-02,New Platform,Rewards Redemption,323.0,11,2,0.833,217.0,0,4.0,0.598,-0.0915,0.11,Long (>5 min),Medium
2026-02-26,Legacy IVR,Make a Payment,219.0,4,1,0.888,269.0,0,5.0,0.34,0.5183,0.04,Medium (2.5-5 min),High
2026-03-04,Legacy IVR,Recent Transactions,206.0,6,2,0.822,272.0,0,3.0,0.3077,0.5535,0.06,Medium (2.5-5 min),Low
2026-02-13,Legacy IVR,Balance Inquiry,189.0,5,1,0.814,175.0,0,5.0,0.2655,-0.5841,0.05,Medium (2.5-5 min),Low
2026-03-14,New Platform,Make a Payment,173.0,8,0,0.915,252.0,0,4.0,0.2258,0.319,0.08,Medium (2.5-5 min),High
2026-01-23,Legacy IVR,Balance Inquiry,320.0,7,1,0.824,207.0,1,3.0,0.5906,-0.2088,0.07,Long (>5 min),Low
2026-03-27,New Platform,Recent Transactions,233.0,5,1,0.808,294.0,0,4.0,0.3747,0.8115,0.05,Medium (2.5-5 min),Low
2026-03-31,New Platform,Cancel a Payment,290.0,10,1,0.973,137.0,0,5.0,0.5161,-1.0298,0.1,Medium (2.5-5 min),High
2026-01-08,Legacy IVR,Make a Payment,245.0,6,0,0.884,370.0,0,4.0,0.4045,1.7028,0.06,Medium (2.5-5 min),Medium
2026-03-04,New Platform,Make a Payment,181.0,4,0,0.895,272.0,0,5.0,0.2457,0.5535,0.04,Medium (2.5-5 min),High
2026-01-06,Legacy IVR,Balance Inquiry,317.0,6,3,0.821,240.0,1,2.0,0.5831,0.1782,0.06,Long (>5 min),Low
2026-02-24,Legacy IVR,Recent Transactions,177.0,5,0,0.788,269.0,0,4.0,0.2357,0.5183,0.05,Medium (2.5-5 min),Low
2026-01-19,Legacy IVR,Balance Inquiry,156.0,5,1,0.957,472.0,0,4.0,0.1836,2.8991,0.05,Medium (2.5-5 min),High
2026-02-06,Legacy IVR,Make a Payment,258.0,7,0,0.64,375.0,0,4.0,0.4367,1.7615,0.07,Medium (2.5-5 min),Low
2026-03-24,New Platform,Make a Payment,297.0,7,1,0.933,212.0,0,4.0,0.5335,-0.1502,0.07,Medium (2.5-5 min),High
2026-03-04,Legacy IVR,Make a Payment,380.0,6,2,0.772,345.0,0,4.0,0.7395,1.4096,0.06,Long (>5 min),Low
2026-01-01,Legacy IVR,Make a Payment,300.0,5,0,0.782,224.0,0,3.0,0.5409,-0.0094,0.05,Medium (2.5-5 min),Low
2026-03-18,New Platform,Make a Payment,182.0,5,0,0.888,278.0,0,5.0,0.2481,0.6239,0.05,Medium (2.5-5 min),High
2026-03-25,New Platform,Balance Inquiry,148.0,5,0,0.917,193.0,0,4.0,0.1638,-0.373,0.05,Short (<2.5 min),High
2026-03-05,New Platform,Balance Inquiry,221.0,4,1,0.894,92.0,1,4.0,0.3449,-1.5575,0.04,Medium (2.5-5 min),High
2026-01-14,Legacy IVR,Make a Payment,459.0,9,1,0.777,94.0,1,3.0,0.9355,-1.5341,0.09,Long (>5 min),Low
2026-01-18,Legacy IVR,Balance Inquiry,166.0,5,1,0.71,356.0,0,4.0,0.2084,1.5387,0.05,Medium (2.5-5 min),Low
2026-01-10,Legacy IVR,Cancel a Payment,341.0,11,2,0.838,177.0,0,4.0,0.6427,-0.5606,0.11,Long (>5 min),Medium
2026-03-19,New Platform,Make a Payment,220.0,7,0,0.818,262.0,0,4.0,0.3424,0.4362,0.07,Medium (2.5-5 min),Low
2026-03-26,New Platform,Rewards Redemption,285.0,7,0,0.827,242.0,0,5.0,0.5037,0.2017,0.07,Medium (2.5-5 min),Medium
2026-01-22,New Platform,Recent Transactions,242.0,8,1,0.919,184.0,0,5.0,0.397,-0.4785,0.08,Medium (2.5-5 min),High
2026-01-17,Legacy IVR,Recent Transactions,160.0,3,0,0.777,214.0,0,4.0,0.1935,-0.1267,0.03,Medium (2.5-5 min),Low
2026-02-27,New Platform,Cancel a Payment,262.0,10,1,0.803,139.0,0,3.0,0.4467,-1.0063,0.1,Medium (2.5-5 min),Low
2026-03-21,Legacy IVR,Rewards Redemption,445.0,10,4,0.868,207.0,0,3.0,0.9007,-0.2088,0.1,Long (>5 min),Medium
2026-01-16,New Platform,Cancel a Payment,212.0,9,0,0.962,156.0,0,3.0,0.3226,-0.8069,0.09,Medium (2.5-5 min),High
2026-01-17,Legacy IVR,Recent Transactions,210.0,6,1,0.855,204.0,0,3.0,0.3176,-0.244,0.06,Medium (2.5-5 min),Medium
2026-03-02,New Platform,Rewards Redemption,286.0,9,1,0.879,193.0,0,4.0,0.5062,-0.373,0.09,Medium (2.5-5 min),Medium
2026-01-17,Legacy IVR,Make a Payment,400.0,7,1,0.931,217.0,1,2.0,0.7891,-0.0915,0.07,Long (>5 min),High
2026-01-24,New Platform,Make a Payment,192.0,6,0,0.802,172.0,0,4.0,0.273,-0.6193,0.06,Medium (2.5-5 min),Low
2026-01-16,New Platform,Cancel a Payment,438.0,5,1,0.838,278.0,1,3.0,0.8834,0.6239,0.05,Long (>5 min),Medium
2026-02-26,Legacy IVR,Balance Inquiry,189.0,5,0,0.903,153.0,0,5.0,0.2655,-0.8421,0.05,Medium (2.5-5 min),High
2026-01-04,New Platform,Cancel a Payment,300.0,6,2,0.942,159.0,0,2.0,0.5409,-0.7717,0.06,Medium (2.5-5 min),High
2026-01-25,Legacy IVR,Cancel a Payment,358.0,10,1,0.92,207.0,0,4.0,0.6849,-0.2088,0.1,Long (>5 min),High
2026-02-04,Legacy IVR,Make a Payment,449.0,6,1,0.86,779.0,1,2.0,0.9107,6.4996,0.06,Long (>5 min),Medium
2026-02-03,Legacy IVR,Make a Payment,485.0,9,2,0.675,174.0,1,3.0,1.0,-0.5958,0.09,Long (>5 min),Low
2026-03-16,New Platform,Cancel a Payment,262.0,7,1,0.709,305.0,0,4.0,0.4467,0.9405,0.07,Medium (2.5-5 min),Low
2026-03-20,New Platform,Cancel a Payment,294.0,6,0,0.847,135.0,0,4.0,0.5261,-1.0532,0.06,Medium (2.5-5 min),Medium
2026-03-20,New Platform,Make a Payment,304.0,7,0,0.879,225.0,0,4.0,0.5509,0.0023,0.07,Long (>5 min),Medium
2026-01-07,Legacy IVR,Make a Payment,322.0,7,3,0.836,309.0,0,4.0,0.5955,0.9874,0.07,Long (>5 min),Medium
2026-03-25,New Platform,Recent Transactions,172.0,6,0,0.919,195.0,0,5.0,0.2233,-0.3495,0.06,Medium (2.5-5 min),High
2026-03-10,New Platform,Rewards Redemption,214.0,6,0,0.977,217.0,0,4.0,0.3275,-0.0915,0.06,Medium (2.5-5 min),High
2026-03-06,New Platform,Balance Inquiry,248.0,6,0,0.838,249.0,1,3.0,0.4119,0.2838,0.06,Medium (2.5-5 min),Medium
2026-01-13,Legacy IVR,Rewards Redemption,323.0,7,0,0.706,336.0,0,4.0,0.598,1.3041,0.07,Long (>5 min),Low
2026-01-17,Legacy IVR,Balance Inquiry,109.0,3,0,0.838,352.0,0,4.0,0.067,1.4917,0.03,Short (<2.5 min),Medium
2026-03-01,Legacy IVR,Make a Payment,286.0,9,0,0.716,306.0,0,3.0,0.5062,0.9523,0.09,Medium (2.5-5 min),Low
2026-01-09,Legacy IVR,Recent Transactions,425.0,11,5,0.859,226.0,1,1.0,0.8511,0.014,0.11,Long (>5 min),Medium
2026-02-21,New Platform,Make a Payment,223.0,9,2,0.93,163.0,0,4.0,0.3499,-0.7248,0.09,Medium (2.5-5 min),High
2026-03-24,New Platform,Balance Inquiry,147.0,5,2,0.937,189.0,0,3.0,0.1613,-0.4199,0.05,Short (<2.5 min),High
2026-01-25,Legacy IVR,Make a Payment,276.0,10,2,0.775,178.0,0,4.0,0.4814,-0.5489,0.1,Medium (2.5-5 min),Low
2026-02-21,Legacy IVR,Recent Transactions,343.0,8,3,0.806,176.0,0,3.0,0.6476,-0.5724,0.08,Long (>5 min),Low
2026-02-10,Legacy IVR,Balance Inquiry,132.0,5,1,0.92,199.0,0,5.0,0.1241,-0.3026,0.05,Short (<2.5 min),High
2026-03-24,New Platform,Balance Inquiry,134.0,5,1,0.736,157.0,0,4.0,0.129,-0.7952,0.05,Short (<2.5 min),Low
2026-02-08,New Platform,Make a Payment,245.0,7,2,0.87,179.0,0,4.0,0.4045,-0.5372,0.07,Medium (2.5-5 min),Medium
2026-03-10,Legacy IVR,Recent Transactions,217.0,9,0,0.838,306.0,0,4.0,0.335,0.9523,0.09,Medium (2.5-5 min),Medium
2026-01-25,New Platform,Recent Transactions,163.0,8,1,0.848,164.0,0,4.0,0.201,-0.7131,0.08,Medium (2.5-5 min),Medium
2026-01-11,Legacy IVR,Balance Inquiry,172.0,9,1,0.894,234.0,0,4.0,0.2233,0.1078,0.09,Medium (2.5-5 min),High
2026-01-01,Legacy IVR,Recent Transactions,250.0,7,2,0.819,294.0,0,3.0,0.4169,0.8115,0.07,Medium (2.5-5 min),Low
2026-01-21,Legacy IVR,Recent Transactions,163.0,5,0,0.968,266.0,0,4.0,0.201,0.4831,0.05,Medium (2.5-5 min),High
2026-03-03,New Platform,Rewards Redemption,302.0,9,1,0.911,201.0,0,4.0,0.5459,-0.2792,0.09,Long (>5 min),High
2026-01-01,Legacy IVR,Recent Transactions,256.0,8,2,0.838,267.0,0,3.0,0.4318,0.4949,0.08,Medium (2.5-5 min),Medium
2026-03-14,Legacy IVR,Cancel a Payment,360.0,10,0,0.867,200.0,0,4.0,0.6898,-0.2909,0.1,Long (>5 min),Medium
2026-03-14,New Platform,Recent Transactions,143.0,6,0,0.808,197.0,0,4.0,0.1514,-0.3261,0.06,Short (<2.5 min),Low
2026-02-21,New Platform,Make a Payment,222.0,9,0,0.906,223.0,0,5.0,0.3474,-0.0212,0.09,Medium (2.5-5 min),High
2026-01-26,New Platform,Make a Payment,264.0,8,1,0.807,143.0,0,4.0,0.4516,-0.9594,0.08,Medium (2.5-5 min),Low
2026-02-28,Legacy IVR,Rewards Redemption,282.0,8,1,0.845,266.0,0,5.0,0.4963,0.4831,0.08,Medium (2.5-5 min),Medium
2026-03-06,New Platform,Recent Transactions,262.0,6,0,0.924,201.0,1,3.0,0.4467,-0.2792,0.06,Medium (2.5-5 min),High
2026-01-26,Legacy IVR,Make a Payment,330.0,7,3,0.842,181.0,0,3.0,0.6154,-0.5137,0.07,Long (>5 min),Medium
2026-03-11,Legacy IVR,Make a Payment,233.0,9,0,0.868,256.0,0,4.0,0.3747,0.3659,0.09,Medium (2.5-5 min),Medium
2026-01-31,New Platform,Make a Payment,265.0,8,0,0.978,207.0,0,4.0,0.4541,-0.2088,0.08,Medium (2.5-5 min),High
2026-02-03,Legacy IVR,Rewards Redemption,439.0,9,0,0.802,165.0,1,4.0,0.8859,-0.7014,0.09,Long (>5 min),Low
2026-02-19,New Platform,Balance Inquiry,146.0,6,1,0.86,199.0,0,4.0,0.1588,-0.3026,0.06,Short (<2.5 min),Medium
2026-01-16,Legacy IVR,Make a Payment,335.0,7,1,0.905,236.0,0,5.0,0.6278,0.1313,0.07,Long (>5 min),High
2026-03-19,New Platform,Cancel a Payment,161.0,7,0,0.911,138.0,0,4.0,0.196,-1.018,0.07,Medium (2.5-5 min),High
2026-02-22,Legacy IVR,Make a Payment,274.0,7,1,0.838,212.0,0,4.0,0.4764,-0.1502,0.07,Medium (2.5-5 min),Medium
2026-01-12,Legacy IVR,Make a Payment,264.0,5,0,0.863,232.0,0,4.0,0.4516,0.0844,0.05,Medium (2.5-5 min),Medium
2026-03-18,Legacy IVR,Recent Transactions,326.0,8,1,0.904,424.0,0,4.0,0.6055,2.3361,0.08,Long (>5 min),High
2026-02-02,Legacy IVR,Make a Payment,248.0,6,0,0.845,253.0,0,5.0,0.4119,0.3307,0.06,Medium (2.5-5 min),Medium
2026-03-10,New Platform,Make a Payment,255.0,11,0,0.99,143.0,0,4.0,0.4293,-0.9594,0.11,Medium (2.5-5 min),High
2026-02-13,New Platform,Make a Payment,333.0,7,1,0.874,240.0,1,3.0,0.6228,0.1782,0.07,Long (>5 min),Medium
2026-01-04,New Platform,Cancel a Payment,232.0,5,0,0.871,161.0,0,5.0,0.3722,-0.7483,0.05,Medium (2.5-5 min),Medium
2026-03-09,Legacy IVR,Rewards Redemption,314.0,5,1,0.753,211.0,0,5.0,0.5757,-0.1619,0.05,Long (>5 min),Low
2026-03-09,New Platform,Balance Inquiry,102.0,4,0,0.88,193.0,0,5.0,0.0496,-0.373,0.04,Short (<2.5 min),Medium
2026-01-29,Legacy IVR,Recent Transactions,253.0,8,3,0.95,221.0,0,3.0,0.4243,-0.0446,0.08,Medium (2.5-5 min),High
2026-01-22,Legacy IVR,Rewards Redemption,338.0,8,1,0.856,136.0,0,5.0,0.6352,-1.0415,0.08,Long (>5 min),Medium
2026-01-05,Legacy IVR,Balance Inquiry,129.0,4,1,0.711,216.0,0,4.0,0.1166,-0.1033,0.04,Short (<2.5 min),Low
2026-03-11,New Platform,Make a Payment,278.0,9,1,0.866,273.0,0,4.0,0.4864,0.5652,0.09,Medium (2.5-5 min),Medium
2026-02-09,New Platform,Recent Transactions,130.0,3,0,0.926,141.0,0,5.0,0.1191,-0.9828,0.03,Short (<2.5 min),High
2026-03-29,New Platform,Make a Payment,386.0,5,1,0.838,240.0,1,4.0,0.7543,0.1782,0.05,Long (>5 min),Medium
2026-01-01,New Platform,Make a Payment,256.0,4,0,0.823,290.0,0,5.0,0.4318,0.7646,0.04,Medium (2.5-5 min),Low
2026-03-05,Legacy IVR,Make a Payment,278.0,9,1,0.931,232.0,0,4.0,0.4864,0.0844,0.09,Medium (2.5-5 min),High
2026-01-06,Legacy IVR,Cancel a Payment,325.0,10,2,0.76,284.0,0,4.0,0.603,0.6942,0.1,Long (>5 min),Low
2026-01-18,Legacy IVR,Make a Payment,451.0,5,1,0.774,176.0,0,4.0,0.9156,-0.5724,0.05,Long (>5 min),Low
2026-02-12,Legacy IVR,Rewards Redemption,466.0,9,1,0.774,202.0,0,4.0,0.9529,-0.2674,0.09,Long (>5 min),Low
2026-02-27,Legacy IVR,Recent Transactions,255.0,6,1,0.838,264.0,0,4.0,0.4293,0.4597,0.06,Medium (2.5-5 min),Medium
2026-03-26,Legacy IVR,Cancel a Payment,279.0,8,0,0.641,153.0,0,4.0,0.4888,-0.8421,0.08,Medium (2.5-5 min),Low
2026-03-18,New Platform,Make a Payment,237.0,6,0,0.838,159.0,0,4.0,0.3846,-0.7717,0.06,Medium (2.5-5 min),Medium
2026-02-12,New Platform,Make a Payment,238.0,9,0,0.85,142.0,0,4.0,0.3871,-0.9711,0.09,Medium (2.5-5 min),Medium
2026-01-01,Legacy IVR,Cancel a Payment,338.0,8,1,0.739,176.0,0,5.0,0.6352,-0.5724,0.08,Long (>5 min),Low
2026-03-02,New Platform,Cancel a Payment,276.0,5,0,0.909,168.0,0,4.0,0.4814,-0.6662,0.05,Medium (2.5-5 min),High
2026-01-09,Legacy IVR,Recent Transactions,199.0,8,1,0.804,164.0,0,5.0,0.2903,-0.7131,0.08,Medium (2.5-5 min),Low
2026-01-08,Legacy IVR,Rewards Redemption,278.0,5,2,0.833,167.0,0,4.0,0.4864,-0.6779,0.05,Medium (2.5-5 min),Medium
2026-03-19,New Platform,Balance Inquiry,270.0,8,1,0.887,160.0,1,3.0,0.4665,-0.76,0.08,Medium (2.5-5 min),High
2026-02-26,New Platform,Recent Transactions,205.0,9,1,0.72,269.0,0,5.0,0.3052,0.5183,0.09,Medium (2.5-5 min),Low
2026-01-25,Legacy IVR,Balance Inquiry,125.0,5,0,0.838,215.0,0,4.0,0.1067,-0.115,0.05,Short (<2.5 min),Medium
2026-02-02,Legacy IVR,Unknown,190.0,6,1,0.792,180.0,0,4.0,0.268,-0.5255,0.06,Medium (2.5-5 min),Low
2026-01-11,New Platform,Make a Payment,195.0,6,0,0.784,164.0,0,5.0,0.2804,-0.7131,0.06,Medium (2.5-5 min),Low
2026-01-13,New Platform,Cancel a Payment,201.0,8,0,0.814,178.0,0,4.0,0.2953,-0.5489,0.08,Medium (2.5-5 min),Low
2026-02-17,New Platform,Make a Payment,248.0,5,1,0.892,174.0,0,4.0,0.4119,-0.5958,0.05,Medium (2.5-5 min),High
2026-03-17,New Platform,Make a Payment,258.0,7,0,0.896,189.0,0,4.0,0.4367,-0.4199,0.07,Medium (2.5-5 min),High
2026-02-21,New Platform,Rewards Redemption,323.0,8,0,0.867,238.0,0,4.0,0.598,0.1548,0.08,Long (>5 min),Medium
2026-01-19,Legacy IVR,Recent Transactions,279.0,11,2,0.942,266.0,0,4.0,0.4888,0.4831,0.11,Medium (2.5-5 min),High
2026-02-09,Legacy IVR,Make a Payment,274.0,8,1,0.938,326.0,0,3.0,0.4764,1.1868,0.08,Medium (2.5-5 min),High
2026-02-10,Legacy IVR,Recent Transactions,335.0,8,1,0.838,152.0,1,3.0,0.6278,-0.8538,0.08,Long (>5 min),Medium
2026-02-18,New Platform,Recent Transactions,148.0,4,0,0.818,162.0,0,4.0,0.1638,-0.7366,0.04,Short (<2.5 min),Low
2026-03-12,New Platform,Make a Payment,183.0,6,0,0.965,153.0,0,5.0,0.2506,-0.8421,0.06,Medium (2.5-5 min),High
2026-02-24,New Platform,Make a Payment,322.0,8,2,0.969,275.0,0,5.0,0.5955,0.5887,0.08,Long (>5 min),High
2026-03-01,New Platform,Balance Inquiry,149.0,8,1,0.919,271.0,0,3.0,0.1663,0.5418,0.08,Short (<2.5 min),High
2026-02-22,New Platform,Balance Inquiry,162.0,4,0,0.942,255.0,0,4.0,0.1985,0.3541,0.04,Medium (2.5-5 min),High
2026-01-15,Legacy IVR,Cancel a Payment,308.0,11,1,0.746,177.0,0,4.0,0.5608,-0.5606,0.11,Long (>5 min),Low
2026-01-10,Legacy IVR,Make a Payment,195.0,5,0,0.719,321.0,0,4.0,0.2804,1.1282,0.05,Medium (2.5-5 min),Low
2026-03-10,New Platform,Recent Transactions,243.0,3,0,0.885,176.0,0,4.0,0.3995,-0.5724,0.03,Medium (2.5-5 min),Medium
2026-01-25,Legacy IVR,Rewards Redemption,425.0,11,1,0.838,200.0,0,4.0,0.8511,-0.2909,0.11,Long (>5 min),Medium
2026-02-07,New Platform,Make a Payment,307.0,8,0,0.872,262.0,0,5.0,0.5583,0.4362,0.08,Long (>5 min),Medium
2026-02-02,New Platform,Cancel a Payment,256.0,6,0,0.894,338.0,0,5.0,0.4318,1.3275,0.06,Medium (2.5-5 min),High
2026-01-30,Legacy IVR,Unknown,221.0,5,0,0.888,341.0,0,3.0,0.3449,1.3627,0.05,Medium (2.5-5 min),High
2026-02-19,New Platform,Make a Payment,170.0,7,0,0.886,124.0,0,4.0,0.2184,-1.1822,0.07,Medium (2.5-5 min),Medium
2026-01-07,Legacy IVR,Recent Transactions,306.0,6,2,0.798,222.0,0,4.0,0.5558,-0.0329,0.06,Long (>5 min),Low
2026-03-15,Legacy IVR,Cancel a Payment,257.0,6,1,0.771,126.0,0,5.0,0.4342,-1.1588,0.06,Medium (2.5-5 min),Low
2026-03-23,Legacy IVR,Recent Transactions,471.0,11,1,0.876,283.0,1,3.0,0.9653,0.6825,0.11,Long (>5 min),Medium
2026-02-14,New Platform,Balance Inquiry,158.0,8,1,0.838,213.0,0,4.0,0.1886,-0.1384,0.08,Medium (2.5-5 min),Medium
2026-02-09,Legacy IVR,Balance Inquiry,169.0,6,2,0.704,237.0,0,4.0,0.2159,0.143,0.06,Medium (2.5-5 min),Low
2026-01-05,Legacy IVR,Rewards Redemption,263.0,6,0,0.803,337.0,0,4.0,0.4491,1.3158,0.06,Medium (2.5-5 min),Low
2026-01-15,Legacy IVR,Unknown,240.0,8,2,0.809,379.0,0,3.0,0.3921,1.8084,0.08,Medium (2.5-5 min),Low
2026-01-10,New Platform,Recent Transactions,142.0,5,1,0.934,126.0,0,4.0,0.1489,-1.1588,0.05,Short (<2.5 min),High
2026-03-30,New Platform,Make a Payment,333.0,7,1,0.797,105.0,0,3.0,0.6228,-1.4051,0.07,Long (>5 min),Low
2026-03-18,New Platform,Make a Payment,356.0,10,1,0.906,133.0,0,4.0,0.6799,-1.0767,0.1,Long (>5 min),High
2026-03-28,Legacy IVR,Recent Transactions,244.0,9,1,0.812,192.0,0,4.0,0.402,-0.3847,0.09,Medium (2.5-5 min),Low
2026-01-07,Legacy IVR,Cancel a Payment,218.0,7,0,0.678,210.0,0,5.0,0.3375,-0.1736,0.07,Medium (2.5-5 min),Low
2026-02-27,Legacy IVR,Recent Transactions,239.0,6,3,0.768,290.0,0,4.0,0.3896,0.7646,0.06,Medium (2.5-5 min),Low
2026-02-28,Legacy IVR,Make a Payment,300.0,9,1,0.82,388.0,0,5.0,0.5409,1.9139,0.09,Medium (2.5-5 min),Low
2026-03-19,New Platform,Cancel a Payment,324.0,11,3,0.913,201.0,0,3.0,0.6005,-0.2792,0.11,Long (>5 min),High
2026-02-14,Legacy IVR,Make a Payment,299.0,6,1,0.886,248.0,0,3.0,0.5385,0.272,0.06,Medium (2.5-5 min),Medium
2026-03-07,Legacy IVR,Make a Payment,300.0,5,0,0.626,154.0,0,5.0,0.5409,-0.8304,0.05,Medium (2.5-5 min),Low
2026-03-01,New Platform,Make a Payment,269.0,6,0,0.788,148.0,0,3.0,0.464,-0.9008,0.06,Medium (2.5-5 min),Low
2026-01-17,New Platform,Balance Inquiry,156.0,6,1,0.838,195.0,0,5.0,0.1836,-0.3495,0.06,Medium (2.5-5 min),Medium
2026-03-27,New Platform,Recent Transactions,119.0,7,0,0.963,147.0,0,4.0,0.0918,-0.9125,0.07,Short (<2.5 min),High
2026-03-10,New Platform,Recent Transactions,148.0,4,0,0.849,181.0,0,5.0,0.1638,-0.5137,0.04,Short (<2.5 min),Medium
2026-03-23,Legacy IVR,Balance Inquiry,134.0,3,0,0.824,256.0,0,3.0,0.129,0.3659,0.03,Short (<2.5 min),Low
2026-03-28,Legacy IVR,Make a Payment,408.0,9,3,0.837,182.0,1,2.0,0.8089,-0.502,0.09,Long (>5 min),Medium
2026-02-18,New Platform,Cancel a Payment,397.0,5,0,0.929,206.0,1,3.0,0.7816,-0.2205,0.05,Long (>5 min),High
2026-03-12,New Platform,Make a Payment,256.0,9,2,0.877,218.0,0,4.0,0.4318,-0.0798,0.09,Medium (2.5-5 min),Medium
2026-03-01,Legacy IVR,Cancel a Payment,320.0,8,2,0.761,166.0,0,3.0,0.5906,-0.6896,0.08,Long (>5 min),Low
2026-02-19,Legacy IVR,Balance Inquiry,126.0,5,0,0.789,144.0,0,5.0,0.1092,-0.9477,0.05,Short (<2.5 min),Low
2026-01-19,Legacy IVR,Make a Payment,243.0,6,1,0.869,230.0,0,4.0,0.3995,0.0609,0.06,Medium (2.5-5 min),Medium
2026-01-24,Legacy IVR,Make a Payment,277.0,10,2,0.823,135.0,0,4.0,0.4839,-1.0532,0.1,Medium (2.5-5 min),Low
2026-01-26,New Platform,Rewards Redemption,421.0,10,1,0.926,145.0,1,4.0,0.8412,-0.9359,0.1,Long (>5 min),High
2026-01-12,Legacy IVR,Cancel a Payment,413.0,5,2,0.537,191.0,1,3.0,0.8213,-0.3965,0.05,Long (>5 min),Low
2026-03-19,New Platform,Cancel a Payment,225.0,7,0,0.846,215.0,0,4.0,0.3548,-0.115,0.07,Medium (2.5-5 min),Medium
